model,baseline,ablate_refusal,ablate_forgetdir,refusal_layer,forget_layer
full,0.7869371684323343,0.647191995518998,0.7814109005192129,11,11
retain90,0.3606819592649801,0.36103942230240005,0.36826558927641184,11,11
GradDiff,0.34967285282052885,0.3827819621582166,0.33784638756556457,11,11
NPO,0.12888144385151498,0.1929243067854783,0.14114649161307977,9,11
RMU,0.7305461914195266,0.5375130817169157,0.746525233551586,11,11
